{
  "i_r1": 0.3360938578329883,
  "i_r5": 0.621808143547274,
  "i_r10": 0.7688060731538993,
  "i_medr": 3.0,
  "i_meanr": 9.304347826086957,
  "t_r1": 0.3243616287094548,
  "t_r5": 0.6176673567977916,
  "t_r10": 0.7550034506556246,
  "t_medr": 3.0,
  "t_meanr": 10.709454796411318
}