{
  "i_r1": 0.3140096618357488,
  "i_r5": 0.6080055210489993,
  "i_r10": 0.759144237405107,
  "i_medr": 3.0,
  "i_meanr": 9.663216011042097,
  "t_r1": 0.3167701863354037,
  "t_r5": 0.6004140786749482,
  "t_r10": 0.7453416149068323,
  "t_medr": 4.0,
  "t_meanr": 11.467218771566598
}