{
  "i_r1": 0.3243616287094548,
  "i_r5": 0.6273291925465838,
  "i_r10": 0.7791580400276052,
  "i_medr": 3.0,
  "i_meanr": 9.251897860593512,
  "t_r1": 0.33402346445824704,
  "t_r5": 0.6280193236714976,
  "t_r10": 0.7625948930296756,
  "t_medr": 3.0,
  "t_meanr": 10.50655624568668
}