{
  "i_r1": 0.29606625258799174,
  "i_r5": 0.6038647342995169,
  "i_r10": 0.7494824016563147,
  "i_medr": 3.0,
  "i_meanr": 10.436853002070393,
  "t_r1": 0.3077984817115252,
  "t_r5": 0.6031746031746031,
  "t_r10": 0.7260179434092477,
  "t_medr": 4.0,
  "t_meanr": 12.028295376121463
}