{
  "i_r1": 0.3036576949620428,
  "i_r5": 0.6024844720496895,
  "i_r10": 0.738440303657695,
  "i_medr": 4.0,
  "i_meanr": 11.645962732919255,
  "t_r1": 0.27881297446514836,
  "t_r5": 0.5748792270531401,
  "t_r10": 0.7039337474120083,
  "t_medr": 4.0,
  "t_meanr": 13.396825396825397
}