{
  "i_r1": 0.5886818495514148,
  "i_r5": 0.8454106280193237,
  "i_r10": 0.9268461007591442,
  "i_medr": 1.0,
  "i_meanr": 3.3823326432022083,
  "t_r1": 0.5438233264320221,
  "t_r5": 0.8247066942719117,
  "t_r10": 0.8957902001380262,
  "t_medr": 1.0,
  "t_meanr": 4.953071083505867
}