{
  "i_r1": 0.5921325051759835,
  "i_r5": 0.8502415458937198,
  "i_r10": 0.9261559696342305,
  "i_medr": 1.0,
  "i_meanr": 3.282953761214631,
  "t_r1": 0.5479641131815045,
  "t_r5": 0.828847481021394,
  "t_r10": 0.8985507246376812,
  "t_medr": 1.0,
  "t_meanr": 4.8267770876466525
}