{
  "i_r1": 0.5914423740510697,
  "i_r5": 0.8557625948930296,
  "i_r10": 0.9289164941338854,
  "i_medr": 1.0,
  "i_meanr": 3.2291235334713595,
  "t_r1": 0.5500345065562456,
  "t_r5": 0.828847481021394,
  "t_r10": 0.8999309868875086,
  "t_medr": 1.0,
  "t_meanr": 4.78743961352657
}