{
  "i_r1": 0.4244306418219462,
  "i_r5": 0.7308488612836439,
  "i_r10": 0.8502415458937198,
  "i_medr": 2.0,
  "i_meanr": 6.402346445824707,
  "t_r1": 0.391304347826087,
  "t_r5": 0.7032436162870945,
  "t_r10": 0.8267770876466529,
  "t_medr": 2.0,
  "t_meanr": 7.084195997239475
}