{
  "i_r1": 0.4271911663216011,
  "i_r5": 0.7529330572808833,
  "i_r10": 0.8605935127674258,
  "i_medr": 2.0,
  "i_meanr": 5.888888888888889,
  "t_r1": 0.4085576259489303,
  "t_r5": 0.7342995169082126,
  "t_r10": 0.8440303657694962,
  "t_medr": 2.0,
  "t_meanr": 6.365769496204279
}