{
  "i_r1": 0.3188405797101449,
  "i_r5": 0.6459627329192547,
  "i_r10": 0.7784679089026915,
  "i_medr": 3.0,
  "i_meanr": 9.88888888888889,
  "t_r1": 0.34023464458247066,
  "t_r5": 0.6390614216701174,
  "t_r10": 0.7674258109040718,
  "t_medr": 3.0,
  "t_meanr": 9.21808143547274
}