{
  "i_r1": 0.4251207729468599,
  "i_r5": 0.748792270531401,
  "i_r10": 0.862663906142167,
  "i_medr": 2.0,
  "i_meanr": 5.984126984126984,
  "t_r1": 0.41200828157349895,
  "t_r5": 0.7287784679089027,
  "t_r10": 0.8350586611456177,
  "t_medr": 2.0,
  "t_meanr": 6.470669427191166
}