{
  "i_r1": 0.3919944789510007,
  "i_r5": 0.6928916494133885,
  "i_r10": 0.8391994478951,
  "i_medr": 2.0,
  "i_meanr": 7.16632160110421,
  "t_r1": 0.3616287094547964,
  "t_r5": 0.6935817805383023,
  "t_r10": 0.8136645962732919,
  "t_medr": 2.0,
  "t_meanr": 7.521739130434782
}