{
  "i_r1": 0.4189095928226363,
  "i_r5": 0.7322291235334714,
  "i_r10": 0.8516218081435473,
  "i_medr": 2.0,
  "i_meanr": 6.195307108350587,
  "t_r1": 0.4064872325741891,
  "t_r5": 0.7211870255348516,
  "t_r10": 0.8405797101449275,
  "t_medr": 2.0,
  "t_meanr": 7.072463768115942
}