{
  "i_r1": 0.3830227743271222,
  "i_r5": 0.6997929606625258,
  "i_r10": 0.8260869565217391,
  "i_medr": 2.0,
  "i_meanr": 7.218081435472739,
  "t_r1": 0.3830227743271222,
  "t_r5": 0.6853002070393375,
  "t_r10": 0.8067632850241546,
  "t_medr": 2.0,
  "t_meanr": 8.10351966873706
}