{
  "i_r1": 0.40372670807453415,
  "i_r5": 0.7329192546583851,
  "i_r10": 0.8481711525189786,
  "i_medr": 2.0,
  "i_meanr": 6.309178743961352,
  "t_r1": 0.4030365769496204,
  "t_r5": 0.7129054520358868,
  "t_r10": 0.8260869565217391,
  "t_medr": 2.0,
  "t_meanr": 7.691511387163561
}