{
  "i_r1": 0.3609385783298827,
  "i_r5": 0.6576949620427881,
  "i_r10": 0.7867494824016563,
  "i_medr": 3.0,
  "i_meanr": 8.44168391994479,
  "t_r1": 0.34023464458247066,
  "t_r5": 0.6438923395445134,
  "t_r10": 0.7708764665286404,
  "t_medr": 3.0,
  "t_meanr": 9.41062801932367
}