{
  "i_r1": 0.42926155969634233,
  "i_r5": 0.7391304347826086,
  "i_r10": 0.852311939268461,
  "i_medr": 2.0,
  "i_meanr": 6.0690131124913735,
  "t_r1": 0.40717736369910285,
  "t_r5": 0.7232574189095928,
  "t_r10": 0.8322981366459627,
  "t_medr": 2.0,
  "t_meanr": 7.033126293995859
}