{
  "i_r1": 0.34644582470669427,
  "i_r5": 0.6645962732919255,
  "i_r10": 0.7984817115251898,
  "i_medr": 3.0,
  "i_meanr": 8.389233954451345,
  "t_r1": 0.3547273982056591,
  "t_r5": 0.6583850931677019,
  "t_r10": 0.7750172532781229,
  "t_medr": 3.0,
  "t_meanr": 9.534851621808144
}