{
  "i_r1": 0.336783988957902,
  "i_r5": 0.6411318150448585,
  "i_r10": 0.7612146307798482,
  "i_medr": 3.0,
  "i_meanr": 9.438923395445135,
  "t_r1": 0.3285024154589372,
  "t_r5": 0.6197377501725327,
  "t_r10": 0.7556935817805382,
  "t_medr": 3.0,
  "t_meanr": 10.592822636300896
}