{
  "i_r1": 0.378191856452726,
  "i_r5": 0.6949620427881298,
  "i_r10": 0.8240165631469979,
  "i_medr": 2.0,
  "i_meanr": 7.2691511387163565,
  "t_r1": 0.38233264320220844,
  "t_r5": 0.6790890269151139,
  "t_r10": 0.8026224982746721,
  "t_medr": 2.0,
  "t_meanr": 8.464458247066943
}