{
  "i_r1": 0.36507936507936506,
  "i_r5": 0.6742581090407177,
  "i_r10": 0.8143547273982057,
  "i_medr": 3.0,
  "i_meanr": 7.653554175293306,
  "t_r1": 0.37612146307798483,
  "t_r5": 0.6652864044168392,
  "t_r10": 0.7929606625258799,
  "t_medr": 3.0,
  "t_meanr": 9.120772946859903
}