{
  "i_r1": 0.38509316770186336,
  "i_r5": 0.7053140096618358,
  "i_r10": 0.8184955141476881,
  "i_medr": 2.0,
  "i_meanr": 7.156659765355418,
  "t_r1": 0.3802622498274672,
  "t_r5": 0.6894409937888198,
  "t_r10": 0.8067632850241546,
  "t_medr": 2.0,
  "t_meanr": 8.302967563837129
}